year,lgID,tmID,franchID,confID,divID,rank
1946,NBA,BOS,BOS,,ED,5
1946,NBA,CHS,CHS,,WD,1
1946,NBA,CLR,CLR,,WD,3
1946,NBA,DTF,DTF,,WD,4
1946,NBA,NYK,NYK,,ED,3
1946,NBA,PHW,GSW,,ED,2
1946,NBA,PIT,PIT,,WD,5
1946,NBA,PRO,PRO,,ED,4
1946,NBA,STB,STB,,WD,2
1946,NBA,TRH,TRH,,ED,5
1946,NBA,WSC,WSC,,ED,1
1947,NBA,BLB,BLB,,WD,2
1947,NBA,BOS,BOS,,ED,3
1947,NBA,CHS,CHS,,WD,2
1947,NBA,NYK,NYK,,ED,2
1947,NBA,PHW,GSW,,ED,1
1947,NBA,PRO,PRO,,ED,4
1947,NBA,STB,STB,,WD,1
1947,NBA,WSC,WSC,,WD,2
1948,NBA,BLB,BLB,,ED,3
1948,NBA,BOS,BOS,,ED,5
1948,NBA,CHS,CHS,,WD,3
1948,NBA,FTW,DET,,WD,5
1948,NBA,INJ,INJ,,WD,6
1948,NBA,MNL,LAL,,WD,2
1948,NBA,NYK,NYK,,ED,2
1948,NBA,PHW,GSW,,ED,4
1948,NBA,PRO,PRO,,ED,6
1948,NBA,ROC,SAC,,WD,1
1948,NBA,STB,STB,,WD,4
1948,NBA,WSC,WSC,,ED,1
1949,NBA,AND,AND,,WD,2
1949,NBA,BLB,BLB,,ED,5
1949,NBA,BOS,BOS,,ED,6
1949,NBA,CHS,CHS,,CD,3
1949,NBA,DNN,DNN,,WD,6
1949,NBA,FTW,DET,,CD,3
1949,NBA,INO,INO,,WD,1
1949,NBA,MNL,LAL,,CD,1
1949,NBA,NYK,NYK,,ED,2
1949,NBA,PHW,GSW,,ED,4
1949,NBA,ROC,SAC,,CD,1
1949,NBA,SHE,SHE,,WD,4
1949,NBA,STB,STB,,CD,5
1949,NBA,SYR,PHI,,ED,1
1949,NBA,TRI,ATL,,WD,3
1949,NBA,WAT,WAT,,WD,5
1949,NBA,WSC,WSC,,ED,3
1950,NBA,BLB,BLB,,ED,5
1950,NBA,BOS,BOS,,ED,2
1950,NBA,FTW,DET,,WD,3
1950,NBA,INO,INO,,WD,4
1950,NBA,MNL,LAL,,WD,1
1950,NBA,NYK,NYK,,ED,3
1950,NBA,PHW,GSW,,ED,1
1950,NBA,ROC,SAC,,WD,2
1950,NBA,SYR,PHI,,ED,4
1950,NBA,TRI,ATL,,WD,5
1950,NBA,WSC,WSC,,ED,6
1951,NBA,BLB,BLB,,ED,5
1951,NBA,BOS,BOS,,ED,2
1951,NBA,FTW,DET,,WD,4
1951,NBA,INO,INO,,WD,3
1951,NBA,MLH,ATL,,WD,5
1951,NBA,MNL,LAL,,WD,2
1951,NBA,NYK,NYK,,ED,3
1951,NBA,PHW,GSW,,ED,4
1951,NBA,ROC,SAC,,WD,1
1951,NBA,SYR,PHI,,ED,1
1952,NBA,BLB,BLB,,ED,4
1952,NBA,BOS,BOS,,ED,3
1952,NBA,FTW,DET,,WD,3
1952,NBA,INO,INO,,WD,4
1952,NBA,MLH,ATL,,WD,5
1952,NBA,MNL,LAL,,WD,1
1952,NBA,NYK,NYK,,ED,1
1952,NBA,PHW,GSW,,ED,5
1952,NBA,ROC,SAC,,WD,2
1952,NBA,SYR,PHI,,ED,2
1953,NBA,BLB,BLB,,ED,5
1953,NBA,BOS,BOS,,ED,2
1953,NBA,FTW,DET,,WD,3
1953,NBA,MLH,ATL,,WD,4
1953,NBA,MNL,LAL,,WD,1
1953,NBA,NYK,NYK,,ED,1
1953,NBA,PHW,GSW,,ED,4
1953,NBA,ROC,SAC,,WD,2
1953,NBA,SYR,PHI,,ED,3
1954,NBA,BLB,BLB,,ED,5
1954,NBA,BOS,BOS,,ED,3
1954,NBA,FTW,DET,,WD,1
1954,NBA,MLH,ATL,,WD,4
1954,NBA,MNL,LAL,,WD,2
1954,NBA,NYK,NYK,,ED,2
1954,NBA,PHW,GSW,,ED,4
1954,NBA,ROC,SAC,,WD,3
1954,NBA,SYR,PHI,,ED,1
1955,NBA,BOS,BOS,,ED,2
1955,NBA,FTW,DET,,WD,1
1955,NBA,MNL,LAL,,WD,2
1955,NBA,NYK,NYK,,ED,3
1955,NBA,PHW,GSW,,ED,1
1955,NBA,ROC,SAC,,WD,4
1955,NBA,STL,ATL,,WD,2
1955,NBA,SYR,PHI,,ED,3
1956,NBA,BOS,BOS,,ED,1
1956,NBA,FTW,DET,,WD,1
1956,NBA,MNL,LAL,,WD,1
1956,NBA,NYK,NYK,,ED,4
1956,NBA,PHW,GSW,,ED,3
1956,NBA,ROC,SAC,,WD,4
1956,NBA,STL,ATL,,WD,1
1956,NBA,SYR,PHI,,ED,2
1957,NBA,BOS,BOS,,ED,1
1957,NBA,CIN,SAC,,WD,2
1957,NBA,DET,DET,,WD,2
1957,NBA,MNL,LAL,,WD,4
1957,NBA,NYK,NYK,,ED,4
1957,NBA,PHW,GSW,,ED,3
1957,NBA,STL,ATL,,WD,1
1957,NBA,SYR,PHI,,ED,2
1958,NBA,BOS,BOS,,ED,1
1958,NBA,CIN,SAC,,WD,4
1958,NBA,DET,DET,,WD,3
1958,NBA,MNL,LAL,,WD,2
1958,NBA,NYK,NYK,,ED,2
1958,NBA,PHW,GSW,,ED,4
1958,NBA,STL,ATL,,WD,1
1958,NBA,SYR,PHI,,ED,3
1959,NBA,BOS,BOS,,ED,1
1959,NBA,CIN,SAC,,WD,4
1959,NBA,DET,DET,,WD,2
1959,NBA,MNL,LAL,,WD,3
1959,NBA,NYK,NYK,,ED,4
1959,NBA,PHW,GSW,,ED,2
1959,NBA,STL,ATL,,WD,1
1959,NBA,SYR,PHI,,ED,3
1960,NBA,BOS,BOS,,ED,1
1960,NBA,CIN,SAC,,WD,4
1960,NBA,DET,DET,,WD,3
1960,NBA,LAL,LAL,,WD,2
1960,NBA,NYK,NYK,,ED,4
1960,NBA,PHW,GSW,,ED,2
1960,NBA,STL,ATL,,WD,1
1960,NBA,SYR,PHI,,ED,3
1961,NBA,BOS,BOS,,ED,1
1961,NBA,CHP,WAS,,WD,5
1961,NBA,CIN,SAC,,WD,2
1961,NBA,DET,DET,,WD,3
1961,NBA,LAL,LAL,,WD,1
1961,NBA,NYK,NYK,,ED,4
1961,NBA,PHW,GSW,,ED,2
1961,NBA,STL,ATL,,WD,4
1961,NBA,SYR,PHI,,ED,3
1962,NBA,BOS,BOS,,ED,1
1962,NBA,CHZ,WAS,,WD,5
1962,NBA,CIN,SAC,,ED,3
1962,NBA,DET,DET,,WD,3
1962,NBA,LAL,LAL,,WD,1
1962,NBA,NYK,NYK,,ED,4
1962,NBA,SFW,GSW,,WD,4
1962,NBA,STL,ATL,,WD,2
1962,NBA,SYR,PHI,,ED,2
1963,NBA,BAL,WAS,,WD,4
1963,NBA,BOS,BOS,,ED,1
1963,NBA,CIN,SAC,,ED,2
1963,NBA,DET,DET,,WD,5
1963,NBA,LAL,LAL,,WD,3
1963,NBA,NYK,NYK,,ED,4
1963,NBA,PHI,PHI,,ED,3
1963,NBA,SFW,GSW,,WD,1
1963,NBA,STL,ATL,,WD,2
1964,NBA,BAL,WAS,,WD,3
1964,NBA,BOS,BOS,,ED,1
1964,NBA,CIN,SAC,,ED,2
1964,NBA,DET,DET,,WD,4
1964,NBA,LAL,LAL,,WD,1
1964,NBA,NYK,NYK,,ED,4
1964,NBA,PHI,PHI,,ED,3
1964,NBA,SFW,GSW,,WD,5
1964,NBA,STL,ATL,,WD,2
1965,NBA,BAL,WAS,,WD,2
1965,NBA,BOS,BOS,,ED,2
1965,NBA,CIN,SAC,,ED,3
1965,NBA,DET,DET,,WD,5
1965,NBA,LAL,LAL,,WD,1
1965,NBA,NYK,NYK,,ED,4
1965,NBA,PHI,PHI,,ED,1
1965,NBA,SFW,GSW,,WD,4
1965,NBA,STL,ATL,,WD,3
1966,NBA,BAL,WAS,,ED,5
1966,NBA,BOS,BOS,,ED,2
1966,NBA,CHI,CHI,,WD,4
1966,NBA,CIN,SAC,,ED,3
1966,NBA,DET,DET,,WD,5
1966,NBA,LAL,LAL,,WD,3
1966,NBA,NYK,NYK,,ED,4
1966,NBA,PHI,PHI,,ED,1
1966,NBA,SFW,GSW,,WD,1
1966,NBA,STL,ATL,,WD,2
1967,ABA,ANA,UTS,,WD,5
1967,ABA,DLC,SAS,,WD,2
1967,ABA,DNR,DEN,,WD,3
1967,ABA,HSM,SSL,,WD,4
1967,ABA,INA,IND,,ED,3
1967,ABA,KEN,KEN,,ED,4
1967,ABA,MNM,FLO,,ED,2
1967,ABA,NJA,NJN,,ED,4
1967,ABA,NOB,MMS,,WD,1
1967,ABA,OAK,VIR,,WD,6
1967,ABA,PTP,PTC,,ED,1
1967,NBA,BAL,WAS,,ED,6
1967,NBA,BOS,BOS,,ED,2
1967,NBA,CHI,CHI,,WD,4
1967,NBA,CIN,SAC,,ED,5
1967,NBA,DET,DET,,ED,4
1967,NBA,LAL,LAL,,WD,2
1967,NBA,NYK,NYK,,ED,3
1967,NBA,PHI,PHI,,ED,1
1967,NBA,SDR,HOU,,WD,6
1967,NBA,SEA,SEA,,WD,5
1967,NBA,SFW,GSW,,WD,3
1967,NBA,STL,ATL,,WD,1
1968,ABA,DLC,SAS,,WD,4
1968,ABA,DNR,DEN,,WD,3
1968,ABA,HSM,SSL,,WD,6
1968,ABA,INA,IND,,ED,1
1968,ABA,KEN,KEN,,ED,3
1968,ABA,LAS,UTS,,WD,5
1968,ABA,MMF,FLO,,ED,2
1968,ABA,MNP,PTC,,ED,4
1968,ABA,NOB,MMS,,WD,2
1968,ABA,NYA,NJN,,ED,5
1968,ABA,OAK,VIR,,WD,1
1968,NBA,ATL,ATL,,WD,2
1968,NBA,BAL,WAS,,ED,1
1968,NBA,BOS,BOS,,ED,4
1968,NBA,CHI,CHI,,WD,5
1968,NBA,CIN,SAC,,ED,5
1968,NBA,DET,DET,,ED,6
1968,NBA,LAL,LAL,,WD,1
1968,NBA,MIL,MIL,,ED,7
1968,NBA,NYK,NYK,,ED,3
1968,NBA,PHI,PHI,,ED,2
1968,NBA,PHO,PHO,,WD,7
1968,NBA,SDR,HOU,,WD,4
1968,NBA,SEA,SEA,,WD,6
1968,NBA,SFW,GSW,,WD,3
1969,ABA,CAR,SSL,,ED,3
1969,ABA,DLC,SAS,,WD,2
1969,ABA,DNR,DEN,,WD,1
1969,ABA,INA,IND,,ED,1
1969,ABA,KEN,KEN,,ED,2
1969,ABA,LAS,UTS,,WD,4
1969,ABA,MMF,FLO,,ED,6
1969,ABA,NOB,MMS,,WD,5
1969,ABA,NYA,NJN,,ED,4
1969,ABA,PTP,PTC,,ED,5
1969,ABA,WSA,VIR,,WD,3
1969,NBA,ATL,ATL,,WD,1
1969,NBA,BAL,WAS,,ED,3
1969,NBA,BOS,BOS,,ED,6
1969,NBA,CHI,CHI,,WD,3
1969,NBA,CIN,SAC,,ED,5
1969,NBA,DET,DET,,ED,7
1969,NBA,LAL,LAL,,WD,2
1969,NBA,MIL,MIL,,ED,2
1969,NBA,NYK,NYK,,ED,1
1969,NBA,PHI,PHI,,ED,4
1969,NBA,PHO,PHO,,WD,3
1969,NBA,SDR,HOU,,WD,7
1969,NBA,SEA,SEA,,WD,5
1969,NBA,SFW,GSW,,WD,6
1970,ABA,CAR,SSL,,ED,6
1970,ABA,DNR,DEN,,WD,4
1970,ABA,FLO,FLO,,ED,4
1970,ABA,INA,IND,,WD,1
1970,ABA,KEN,KEN,,ED,2
1970,ABA,MMP,MMS,,WD,3
1970,ABA,NYA,NJN,,ED,3
1970,ABA,PTC,PTC,,ED,5
1970,ABA,TEX,SAS,,WD,4
1970,ABA,UTS,UTS,,WD,2
1970,ABA,VIR,VIR,,ED,1
1970,NBA,ATL,ATL,EC,CD,2
1970,NBA,BAL,WAS,EC,CD,1
1970,NBA,BOS,BOS,EC,AT,3
1970,NBA,BUF,LAC,EC,AT,4
1970,NBA,CHI,CHI,WC,MW,2
1970,NBA,CIN,SAC,EC,CD,3
1970,NBA,CLE,CLE,EC,CD,4
1970,NBA,DET,DET,WC,MW,4
1970,NBA,LAL,LAL,WC,PC,1
1970,NBA,MIL,MIL,WC,MW,1
1970,NBA,NYK,NYK,EC,AT,1
1970,NBA,PHI,PHI,EC,AT,2
1970,NBA,PHO,PHO,WC,MW,3
1970,NBA,POR,POR,WC,PC,5
1970,NBA,SDR,HOU,WC,PC,3
1970,NBA,SEA,SEA,WC,PC,4
1970,NBA,SFW,GSW,WC,PC,2
1971,ABA,CAR,SSL,,ED,5
1971,ABA,DLC,SAS,,WD,3
1971,ABA,DNR,DEN,,WD,4
1971,ABA,FLO,FLO,,ED,4
1971,ABA,INA,IND,,WD,2
1971,ABA,KEN,KEN,,ED,1
1971,ABA,MMP,MMS,,WD,5
1971,ABA,NYA,NJN,,ED,3
1971,ABA,PTC,PTC,,ED,6
1971,ABA,UTS,UTS,,WD,1
1971,ABA,VIR,VIR,,ED,2
1971,NBA,ATL,ATL,EC,CD,2
1971,NBA,BAL,WAS,EC,CD,1
1971,NBA,BOS,BOS,EC,AT,1
1971,NBA,BUF,LAC,EC,AT,4
1971,NBA,CHI,CHI,WC,MW,2
1971,NBA,CIN,SAC,EC,CD,3
1971,NBA,CLE,CLE,EC,CD,4
1971,NBA,DET,DET,WC,MW,4
1971,NBA,GSW,GSW,WC,PC,2
1971,NBA,HOU,HOU,WC,PC,4
1971,NBA,LAL,LAL,WC,PC,1
1971,NBA,MIL,MIL,WC,MW,1
1971,NBA,NYK,NYK,EC,AT,2
1971,NBA,PHI,PHI,EC,AT,3
1971,NBA,PHO,PHO,WC,MW,3
1971,NBA,POR,POR,WC,PC,5
1971,NBA,SEA,SEA,WC,PC,3
1972,ABA,CAR,SSL,,ED,1
1972,ABA,DLC,SAS,,WD,5
1972,ABA,DNR,DEN,,WD,3
1972,ABA,INA,IND,,WD,2
1972,ABA,KEN,KEN,,ED,2
1972,ABA,MMT,MMS,,ED,5
1972,ABA,NYA,NJN,,ED,4
1972,ABA,SDA,SDS,,WD,4
1972,ABA,UTS,UTS,,WD,1
1972,ABA,VIR,VIR,,ED,3
1972,NBA,ATL,ATL,EC,CD,2
1972,NBA,BAL,WAS,EC,CD,1
1972,NBA,BOS,BOS,EC,AT,1
1972,NBA,BUF,LAC,EC,AT,3
1972,NBA,CHI,CHI,WC,MW,2
1972,NBA,CLE,CLE,EC,CD,4
1972,NBA,DET,DET,WC,MW,3
1972,NBA,GSW,GSW,WC,PC,2
1972,NBA,HOU,HOU,EC,CD,3
1972,NBA,KCO,SAC,WC,MW,4
1972,NBA,LAL,LAL,WC,PC,1
1972,NBA,MIL,MIL,WC,MW,1
1972,NBA,NYK,NYK,EC,AT,2
1972,NBA,PHI,PHI,EC,AT,4
1972,NBA,PHO,PHO,WC,PC,3
1972,NBA,POR,POR,WC,PC,5
1972,NBA,SEA,SEA,WC,PC,4
1973,ABA,CAR,SSL,,ED,3
1973,ABA,DNR,DEN,,WD,4
1973,ABA,INA,IND,,WD,2
1973,ABA,KEN,KEN,,ED,2
1973,ABA,MMT,MMS,,ED,5
1973,ABA,NYA,NJN,,ED,1
1973,ABA,SAA,SAS,,WD,3
1973,ABA,SDA,SDS,,WD,4
1973,ABA,UTS,UTS,,WD,1
1973,ABA,VIR,VIR,,ED,4
1973,NBA,ATL,ATL,EC,CD,2
1973,NBA,BOS,BOS,EC,AT,1
1973,NBA,BUF,LAC,EC,AT,3
1973,NBA,CAP,WAS,EC,CD,1
1973,NBA,CHI,CHI,WC,MW,2
1973,NBA,CLE,CLE,EC,CD,4
1973,NBA,DET,DET,WC,MW,3
1973,NBA,GSW,GSW,WC,PC,2
1973,NBA,HOU,HOU,EC,CD,3
1973,NBA,KCO,SAC,WC,MW,4
1973,NBA,LAL,LAL,WC,PC,1
1973,NBA,MIL,MIL,WC,MW,1
1973,NBA,NYK,NYK,EC,AT,2
1973,NBA,PHI,PHI,EC,AT,4
1973,NBA,PHO,PHO,WC,PC,4
1973,NBA,POR,POR,WC,PC,5
1973,NBA,SEA,SEA,WC,PC,3
1974,ABA,DNA,DEN,,WD,1
1974,ABA,INA,IND,,WD,3
1974,ABA,KEN,KEN,,ED,1
1974,ABA,MMS,MMS,,ED,4
1974,ABA,NYA,NJN,,ED,1
1974,ABA,SAA,SAS,,WD,2
1974,ABA,SDA,SDS,,WD,5
1974,ABA,SSL,SSL,,ED,3
1974,ABA,UTS,UTS,,WD,4
1974,ABA,VIR,VIR,,ED,5
1974,NBA,ATL,ATL,EC,CD,4
1974,NBA,BOS,BOS,EC,AT,1
1974,NBA,BUF,LAC,EC,AT,2
1974,NBA,CHI,CHI,WC,MW,1
1974,NBA,CLE,CLE,EC,CD,3
1974,NBA,DET,DET,WC,MW,3
1974,NBA,GSW,GSW,WC,PC,1
1974,NBA,HOU,HOU,EC,CD,2
1974,NBA,KCO,SAC,WC,MW,2
1974,NBA,LAL,LAL,WC,PC,5
1974,NBA,MIL,MIL,WC,MW,4
1974,NBA,NOJ,UTA,EC,CD,5
1974,NBA,NYK,NYK,EC,AT,3
1974,NBA,PHI,PHI,EC,AT,4
1974,NBA,PHO,PHO,WC,PC,4
1974,NBA,POR,POR,WC,PC,3
1974,NBA,SEA,SEA,WC,PC,2
1974,NBA,WSB,WAS,EC,CD,1
1975,ABA,DNA,DEN,,,1
1975,ABA,INA,IND,,,5
1975,ABA,KEN,KEN,,,4
1975,ABA,NYA,NJN,,,2
1975,ABA,SAA,SAS,,,3
1975,ABA,SDS,SDS,,,7
1975,ABA,SSL,SSL,,,6
1975,ABA,UTS,UTS,,,8
1975,ABA,VIR,VIR,,,9
1975,NBA,ATL,ATL,EC,CD,5
1975,NBA,BOS,BOS,EC,AT,1
1975,NBA,BUF,LAC,EC,AT,2
1975,NBA,CHI,CHI,WC,MW,4
1975,NBA,CLE,CLE,EC,CD,1
1975,NBA,DET,DET,WC,MW,2
1975,NBA,GSW,GSW,WC,PC,1
1975,NBA,HOU,HOU,EC,CD,3
1975,NBA,KCK,SAC,WC,MW,3
1975,NBA,LAL,LAL,WC,PC,4
1975,NBA,MIL,MIL,WC,MW,1
1975,NBA,NOJ,UTA,EC,CD,4
1975,NBA,NYK,NYK,EC,AT,4
1975,NBA,PHI,PHI,EC,AT,2
1975,NBA,PHO,PHO,WC,PC,3
1975,NBA,POR,POR,WC,PC,5
1975,NBA,SEA,SEA,WC,PC,2
1975,NBA,WSB,WAS,EC,CD,2
1976,NBA,ATL,ATL,EC,CD,6
1976,NBA,BOS,BOS,EC,AT,2
1976,NBA,BUF,LAC,EC,AT,4
1976,NBA,CHI,CHI,WC,MW,2
1976,NBA,CLE,CLE,EC,CD,4
1976,NBA,DEN,DEN,WC,MW,1
1976,NBA,DET,DET,WC,MW,2
1976,NBA,GSW,GSW,WC,PC,3
1976,NBA,HOU,HOU,EC,CD,1
1976,NBA,IND,IND,WC,MW,5
1976,NBA,KCK,SAC,WC,MW,4
1976,NBA,LAL,LAL,WC,PC,1
1976,NBA,MIL,MIL,WC,MW,6
1976,NBA,NOJ,UTA,EC,CD,5
1976,NBA,NYK,NYK,EC,AT,3
1976,NBA,NYN,NJN,EC,AT,5
1976,NBA,PHI,PHI,EC,AT,1
1976,NBA,PHO,PHO,WC,PC,5
1976,NBA,POR,POR,WC,PC,2
1976,NBA,SAS,SAS,EC,CD,3
1976,NBA,SEA,SEA,WC,PC,4
1976,NBA,WSB,WAS,EC,CD,2
1977,NBA,ATL,ATL,EC,CD,4
1977,NBA,BOS,BOS,EC,AT,3
1977,NBA,BUF,LAC,EC,AT,4
1977,NBA,CHI,CHI,WC,MW,3
1977,NBA,CLE,CLE,EC,CD,3
1977,NBA,DEN,DEN,WC,MW,1
1977,NBA,DET,DET,WC,MW,4
1977,NBA,GSW,GSW,WC,PC,5
1977,NBA,HOU,HOU,EC,CD,6
1977,NBA,IND,IND,WC,MW,5
1977,NBA,KCK,SAC,WC,MW,5
1977,NBA,LAL,LAL,WC,PC,4
1977,NBA,MIL,MIL,WC,MW,2
1977,NBA,NJN,NJN,EC,AT,5
1977,NBA,NOJ,UTA,EC,CD,5
1977,NBA,NYK,NYK,EC,AT,2
1977,NBA,PHI,PHI,EC,AT,1
1977,NBA,PHO,PHO,WC,PC,2
1977,NBA,POR,POR,WC,PC,1
1977,NBA,SAS,SAS,EC,CD,1
1977,NBA,SEA,SEA,WC,PC,3
1977,NBA,WSB,WAS,EC,CD,2
1978,NBA,ATL,ATL,EC,CD,3
1978,NBA,BOS,BOS,EC,AT,5
1978,NBA,CHI,CHI,WC,MW,5
1978,NBA,CLE,CLE,EC,CD,4
1978,NBA,DEN,DEN,WC,MW,2
1978,NBA,DET,DET,EC,CD,4
1978,NBA,GSW,GSW,WC,PC,6
1978,NBA,HOU,HOU,EC,CD,2
1978,NBA,IND,IND,WC,MW,3
1978,NBA,KCK,SAC,WC,MW,1
1978,NBA,LAL,LAL,WC,PC,3
1978,NBA,MIL,MIL,WC,MW,3
1978,NBA,NJN,NJN,EC,AT,3
1978,NBA,NOJ,UTA,EC,CD,6
1978,NBA,NYK,NYK,EC,AT,4
1978,NBA,PHI,PHI,EC,AT,2
1978,NBA,PHO,PHO,WC,PC,2
1978,NBA,POR,POR,WC,PC,4
1978,NBA,SAS,SAS,EC,CD,2
1978,NBA,SDC,LAC,WC,PC,5
1978,NBA,SEA,SEA,WC,PC,1
1978,NBA,WSB,WAS,EC,AT,1
1979,NBA,ATL,ATL,EC,CD,1
1979,NBA,BOS,BOS,EC,AT,1
1979,NBA,CHI,CHI,WC,MW,3
1979,NBA,CLE,CLE,EC,CD,4
1979,NBA,DEN,DEN,WC,MW,3
1979,NBA,DET,DET,EC,CD,6
1979,NBA,GSW,GSW,WC,PC,6
1979,NBA,HOU,HOU,EC,CD,2
1979,NBA,IND,IND,EC,CD,4
1979,NBA,KCK,SAC,WC,MW,2
1979,NBA,LAL,LAL,WC,PC,1
1979,NBA,MIL,MIL,WC,MW,1
1979,NBA,NJN,NJN,EC,AT,5
1979,NBA,NYK,NYK,EC,AT,3
1979,NBA,PHI,PHI,EC,AT,2
1979,NBA,PHO,PHO,WC,PC,3
1979,NBA,POR,POR,WC,PC,4
1979,NBA,SAS,SAS,EC,CD,2
1979,NBA,SDC,LAC,WC,PC,5
1979,NBA,SEA,SEA,WC,PC,2
1979,NBA,UTA,UTA,WC,MW,5
1979,NBA,WSB,WAS,EC,AT,3
1980,NBA,ATL,ATL,EC,CD,4
1980,NBA,BOS,BOS,EC,AT,1
1980,NBA,CHI,CHI,EC,CD,2
1980,NBA,CLE,CLE,EC,CD,5
1980,NBA,DAL,DAL,WC,MW,6
1980,NBA,DEN,DEN,WC,MW,4
1980,NBA,DET,DET,EC,CD,6
1980,NBA,GSW,GSW,WC,PC,4
1980,NBA,HOU,HOU,WC,MW,2
1980,NBA,IND,IND,EC,CD,3
1980,NBA,KCK,SAC,WC,MW,2
1980,NBA,LAL,LAL,WC,PC,2
1980,NBA,MIL,MIL,EC,CD,1
1980,NBA,NJN,NJN,EC,AT,5
1980,NBA,NYK,NYK,EC,AT,3
1980,NBA,PHI,PHI,EC,AT,1
1980,NBA,PHO,PHO,WC,PC,1
1980,NBA,POR,POR,WC,PC,3
1980,NBA,SAS,SAS,WC,MW,1
1980,NBA,SDC,LAC,WC,PC,5
1980,NBA,SEA,SEA,WC,PC,6
1980,NBA,UTA,UTA,WC,MW,5
1980,NBA,WSB,WAS,EC,AT,4
1981,NBA,ATL,ATL,EC,CD,2
1981,NBA,BOS,BOS,EC,AT,1
1981,NBA,CHI,CHI,EC,CD,5
1981,NBA,CLE,CLE,EC,CD,6
1981,NBA,DAL,DAL,WC,MW,5
1981,NBA,DEN,DEN,WC,MW,2
1981,NBA,DET,DET,EC,CD,3
1981,NBA,GSW,GSW,WC,PC,4
1981,NBA,HOU,HOU,WC,MW,2
1981,NBA,IND,IND,EC,CD,4
1981,NBA,KCK,SAC,WC,MW,4
1981,NBA,LAL,LAL,WC,PC,1
1981,NBA,MIL,MIL,EC,CD,1
1981,NBA,NJN,NJN,EC,AT,3
1981,NBA,NYK,NYK,EC,AT,5
1981,NBA,PHI,PHI,EC,AT,2
1981,NBA,PHO,PHO,WC,PC,3
1981,NBA,POR,POR,WC,PC,5
1981,NBA,SAS,SAS,WC,MW,1
1981,NBA,SDC,LAC,WC,PC,6
1981,NBA,SEA,SEA,WC,PC,2
1981,NBA,UTA,UTA,WC,MW,6
1981,NBA,WSB,WAS,EC,AT,4
1982,NBA,ATL,ATL,EC,CD,2
1982,NBA,BOS,BOS,EC,AT,2
1982,NBA,CHI,CHI,EC,CD,4
1982,NBA,CLE,CLE,EC,CD,5
1982,NBA,DAL,DAL,WC,MW,4
1982,NBA,DEN,DEN,WC,MW,2
1982,NBA,DET,DET,EC,CD,3
1982,NBA,GSW,GSW,WC,PC,5
1982,NBA,HOU,HOU,WC,MW,6
1982,NBA,IND,IND,EC,CD,6
1982,NBA,KCK,SAC,WC,MW,2
1982,NBA,LAL,LAL,WC,PC,0
1982,NBA,MIL,MIL,EC,CD,1
1982,NBA,NJN,NJN,EC,AT,3
1982,NBA,NYK,NYK,EC,AT,4
1982,NBA,PHI,PHI,EC,AT,1
1982,NBA,PHO,PHO,WC,PC,2
1982,NBA,POR,POR,WC,PC,4
1982,NBA,SAS,SAS,WC,MW,1
1982,NBA,SDC,LAC,WC,PC,6
1982,NBA,SEA,SEA,WC,PC,3
1982,NBA,UTA,UTA,WC,MW,5
1982,NBA,WSB,WAS,EC,AT,5
1983,NBA,ATL,ATL,EC,CD,3
1983,NBA,BOS,BOS,EC,AT,1
1983,NBA,CHI,CHI,EC,CD,5
1983,NBA,CLE,CLE,EC,CD,4
1983,NBA,DAL,DAL,WC,MW,2
1983,NBA,DEN,DEN,WC,MW,3
1983,NBA,DET,DET,EC,CD,2
1983,NBA,GSW,GSW,WC,PC,5
1983,NBA,HOU,HOU,WC,MW,6
1983,NBA,IND,IND,EC,CD,6
1983,NBA,KCK,SAC,WC,MW,3
1983,NBA,LAL,LAL,WC,PC,1
1983,NBA,MIL,MIL,EC,CD,1
1983,NBA,NJN,NJN,EC,AT,4
1983,NBA,NYK,NYK,EC,AT,3
1983,NBA,PHI,PHI,EC,AT,2
1983,NBA,PHO,PHO,WC,PC,4
1983,NBA,POR,POR,WC,PC,2
1983,NBA,SAS,SAS,WC,MW,5
1983,NBA,SDC,LAC,WC,PC,6
1983,NBA,SEA,SEA,WC,PC,3
1983,NBA,UTA,UTA,WC,MW,1
1983,NBA,WSB,WAS,EC,AT,5
1984,NBA,ATL,ATL,EC,CD,5
1984,NBA,BOS,BOS,EC,AT,1
1984,NBA,CHI,CHI,EC,CD,3
1984,NBA,CLE,CLE,EC,CD,4
1984,NBA,DAL,DAL,WC,MW,3
1984,NBA,DEN,DEN,WC,MW,1
1984,NBA,DET,DET,EC,CD,2
1984,NBA,GSW,GSW,WC,PC,6
1984,NBA,HOU,HOU,WC,MW,2
1984,NBA,IND,IND,EC,CD,6
1984,NBA,KCK,SAC,WC,MW,6
1984,NBA,LAC,LAC,WC,PC,4
1984,NBA,LAL,LAL,WC,PC,1
1984,NBA,MIL,MIL,EC,CD,1
1984,NBA,NJN,NJN,EC,AT,3
1984,NBA,NYK,NYK,EC,AT,5
1984,NBA,PHI,PHI,EC,AT,2
1984,NBA,PHO,PHO,WC,PC,3
1984,NBA,POR,POR,WC,PC,2
1984,NBA,SAS,SAS,WC,MW,4
1984,NBA,SEA,SEA,WC,PC,4
1984,NBA,UTA,UTA,WC,MW,4
1984,NBA,WSB,WAS,EC,AT,4
1985,NBA,ATL,ATL,EC,CD,2
1985,NBA,BOS,BOS,EC,AT,1
1985,NBA,CHI,CHI,EC,CD,4
1985,NBA,CLE,CLE,EC,CD,5
1985,NBA,DAL,DAL,WC,MW,3
1985,NBA,DEN,DEN,WC,MW,2
1985,NBA,DET,DET,EC,CD,3
1985,NBA,GSW,GSW,WC,PC,6
1985,NBA,HOU,HOU,WC,MW,1
1985,NBA,IND,IND,EC,CD,6
1985,NBA,LAC,LAC,WC,PC,3
1985,NBA,LAL,LAL,WC,PC,1
1985,NBA,MIL,MIL,EC,CD,1
1985,NBA,NJN,NJN,EC,AT,3
1985,NBA,NYK,NYK,EC,AT,5
1985,NBA,PHI,PHI,EC,AT,2
1985,NBA,PHO,PHO,WC,PC,3
1985,NBA,POR,POR,WC,PC,2
1985,NBA,SAC,SAC,WC,MW,5
1985,NBA,SAS,SAS,WC,MW,6
1985,NBA,SEA,SEA,WC,PC,5
1985,NBA,UTA,UTA,WC,MW,4
1985,NBA,WSB,WAS,EC,AT,3
1986,NBA,ATL,ATL,EC,CD,1
1986,NBA,BOS,BOS,EC,AT,1
1986,NBA,CHI,CHI,EC,CD,5
1986,NBA,CLE,CLE,EC,CD,6
1986,NBA,DAL,DAL,WC,MW,1
1986,NBA,DEN,DEN,WC,MW,4
1986,NBA,DET,DET,EC,CD,2
1986,NBA,GSW,GSW,WC,PC,3
1986,NBA,HOU,HOU,WC,MW,3
1986,NBA,IND,IND,EC,CD,4
1986,NBA,LAC,LAC,WC,PC,6
1986,NBA,LAL,LAL,WC,PC,1
1986,NBA,MIL,MIL,EC,CD,3
1986,NBA,NJN,NJN,EC,AT,4
1986,NBA,NYK,NYK,EC,AT,4
1986,NBA,PHI,PHI,EC,AT,2
1986,NBA,PHO,PHO,WC,PC,5
1986,NBA,POR,POR,WC,PC,2
1986,NBA,SAC,SAC,WC,MW,5
1986,NBA,SAS,SAS,WC,MW,6
1986,NBA,SEA,SEA,WC,PC,4
1986,NBA,UTA,UTA,WC,MW,2
1986,NBA,WSB,WAS,EC,AT,3
1987,NBA,ATL,ATL,EC,CD,2
1987,NBA,BOS,BOS,EC,AT,1
1987,NBA,CHI,CHI,EC,CD,2
1987,NBA,CLE,CLE,EC,CD,4
1987,NBA,DAL,DAL,WC,MW,2
1987,NBA,DEN,DEN,WC,MW,1
1987,NBA,DET,DET,EC,CD,1
1987,NBA,GSW,GSW,WC,PC,5
1987,NBA,HOU,HOU,WC,MW,4
1987,NBA,IND,IND,EC,CD,6
1987,NBA,LAC,LAC,WC,PC,6
1987,NBA,LAL,LAL,WC,PC,1
1987,NBA,MIL,MIL,EC,CD,4
1987,NBA,NJN,NJN,EC,AT,5
1987,NBA,NYK,NYK,EC,AT,2
1987,NBA,PHI,PHI,EC,AT,4
1987,NBA,PHO,PHO,WC,PC,4
1987,NBA,POR,POR,WC,PC,2
1987,NBA,SAC,SAC,WC,MW,6
1987,NBA,SAS,SAS,WC,MW,5
1987,NBA,SEA,SEA,WC,PC,3
1987,NBA,UTA,UTA,WC,MW,3
1987,NBA,WSB,WAS,EC,AT,2
1988,NBA,ATL,ATL,EC,CD,3
1988,NBA,BOS,BOS,EC,AT,3
1988,NBA,CHH,NOH,EC,AT,6
1988,NBA,CHI,CHI,EC,CD,5
1988,NBA,CLE,CLE,EC,CD,2
1988,NBA,DAL,DAL,WC,MW,4
1988,NBA,DEN,DEN,WC,MW,3
1988,NBA,DET,DET,EC,CD,1
1988,NBA,GSW,GSW,WC,PC,4
1988,NBA,HOU,HOU,WC,MW,2
1988,NBA,IND,IND,EC,CD,6
1988,NBA,LAC,LAC,WC,PC,7
1988,NBA,LAL,LAL,WC,PC,1
1988,NBA,MIA,MIA,WC,MW,6
1988,NBA,MIL,MIL,EC,CD,4
1988,NBA,NJN,NJN,EC,AT,5
1988,NBA,NYK,NYK,EC,AT,1
1988,NBA,PHI,PHI,EC,AT,2
1988,NBA,PHO,PHO,WC,PC,2
1988,NBA,POR,POR,WC,PC,5
1988,NBA,SAC,SAC,WC,PC,6
1988,NBA,SAS,SAS,WC,MW,5
1988,NBA,SEA,SEA,WC,PC,3
1988,NBA,UTA,UTA,WC,MW,1
1988,NBA,WSB,WAS,EC,AT,4
1989,NBA,ATL,ATL,EC,CD,6
1989,NBA,BOS,BOS,EC,AT,2
1989,NBA,CHH,NOH,WC,MW,7
1989,NBA,CHI,CHI,EC,CD,2
1989,NBA,CLE,CLE,EC,CD,4
1989,NBA,DAL,DAL,WC,MW,3
1989,NBA,DEN,DEN,WC,MW,4
1989,NBA,DET,DET,EC,CD,1
1989,NBA,GSW,GSW,WC,PC,5
1989,NBA,HOU,HOU,WC,MW,5
1989,NBA,IND,IND,EC,CD,4
1989,NBA,LAC,LAC,WC,PC,6
1989,NBA,LAL,LAL,WC,PC,1
1989,NBA,MIA,MIA,EC,AT,5
1989,NBA,MIL,MIL,EC,CD,3
1989,NBA,MIN,MIN,WC,MW,6
1989,NBA,NJN,NJN,EC,AT,6
1989,NBA,NYK,NYK,EC,AT,3
1989,NBA,ORL,ORL,EC,CD,7
1989,NBA,PHI,PHI,EC,AT,1
1989,NBA,PHO,PHO,WC,PC,3
1989,NBA,POR,POR,WC,PC,2
1989,NBA,SAC,SAC,WC,PC,7
1989,NBA,SAS,SAS,WC,MW,1
1989,NBA,SEA,SEA,WC,PC,4
1989,NBA,UTA,UTA,WC,MW,2
1989,NBA,WSB,WAS,EC,AT,4
1990,NBA,ATL,ATL,EC,CD,4
1990,NBA,BOS,BOS,EC,AT,1
1990,NBA,CHH,NOH,EC,CD,7
1990,NBA,CHI,CHI,EC,CD,1
1990,NBA,CLE,CLE,EC,CD,6
1990,NBA,DAL,DAL,WC,MW,6
1990,NBA,DEN,DEN,WC,MW,7
1990,NBA,DET,DET,EC,CD,2
1990,NBA,GSW,GSW,WC,PC,4
1990,NBA,HOU,HOU,WC,MW,3
1990,NBA,IND,IND,EC,CD,5
1990,NBA,LAC,LAC,WC,PC,6
1990,NBA,LAL,LAL,WC,PC,2
1990,NBA,MIA,MIA,EC,AT,6
1990,NBA,MIL,MIL,EC,CD,3
1990,NBA,MIN,MIN,WC,MW,5
1990,NBA,NJN,NJN,EC,AT,5
1990,NBA,NYK,NYK,EC,AT,3
1990,NBA,ORL,ORL,WC,MW,4
1990,NBA,PHI,PHI,EC,AT,2
1990,NBA,PHO,PHO,WC,PC,3
1990,NBA,POR,POR,WC,PC,1
1990,NBA,SAC,SAC,WC,PC,7
1990,NBA,SAS,SAS,WC,MW,1
1990,NBA,SEA,SEA,WC,PC,5
1990,NBA,UTA,UTA,WC,MW,2
1990,NBA,WSB,WAS,EC,AT,4
1991,NBA,ATL,ATL,EC,CD,5
1991,NBA,BOS,BOS,EC,AT,1
1991,NBA,CHH,NOH,EC,CD,6
1991,NBA,CHI,CHI,EC,CD,1
1991,NBA,CLE,CLE,EC,CD,2
1991,NBA,DAL,DAL,WC,MW,5
1991,NBA,DEN,DEN,WC,MW,4
1991,NBA,DET,DET,EC,CD,3
1991,NBA,GSW,GSW,WC,PC,2
1991,NBA,HOU,HOU,WC,MW,3
1991,NBA,IND,IND,EC,CD,4
1991,NBA,LAC,LAC,WC,PC,5
1991,NBA,LAL,LAL,WC,PC,6
1991,NBA,MIA,MIA,EC,AT,4
1991,NBA,MIL,MIL,EC,CD,6
1991,NBA,MIN,MIN,WC,MW,6
1991,NBA,NJN,NJN,EC,AT,3
1991,NBA,NYK,NYK,EC,AT,1
1991,NBA,ORL,ORL,EC,AT,7
1991,NBA,PHI,PHI,EC,AT,5
1991,NBA,PHO,PHO,WC,PC,3
1991,NBA,POR,POR,WC,PC,1
1991,NBA,SAC,SAC,WC,PC,7
1991,NBA,SAS,SAS,WC,MW,2
1991,NBA,SEA,SEA,WC,PC,4
1991,NBA,UTA,UTA,WC,MW,1
1991,NBA,WSB,WAS,EC,AT,6
1992,NBA,ATL,ATL,EC,CD,4
1992,NBA,BOS,BOS,EC,AT,2
1992,NBA,CHH,NOH,EC,CD,3
1992,NBA,CHI,CHI,EC,CD,1
1992,NBA,CLE,CLE,EC,CD,2
1992,NBA,DAL,DAL,WC,MW,6
1992,NBA,DEN,DEN,WC,MW,4
1992,NBA,DET,DET,EC,CD,6
1992,NBA,GSW,GSW,WC,PC,6
1992,NBA,HOU,HOU,WC,MW,1
1992,NBA,IND,IND,EC,CD,5
1992,NBA,LAC,LAC,WC,PC,4
1992,NBA,LAL,LAL,WC,PC,5
1992,NBA,MIA,MIA,EC,AT,5
1992,NBA,MIL,MIL,EC,CD,7
1992,NBA,MIN,MIN,WC,MW,5
1992,NBA,NJN,NJN,EC,AT,3
1992,NBA,NYK,NYK,EC,AT,1
1992,NBA,ORL,ORL,EC,AT,4
1992,NBA,PHI,PHI,EC,AT,6
1992,NBA,PHO,PHO,WC,PC,1
1992,NBA,POR,POR,WC,PC,3
1992,NBA,SAC,SAC,WC,PC,7
1992,NBA,SAS,SAS,WC,MW,2
1992,NBA,SEA,SEA,WC,PC,2
1992,NBA,UTA,UTA,WC,MW,3
1992,NBA,WSB,WAS,EC,AT,7
1993,NBA,ATL,ATL,EC,CD,1
1993,NBA,BOS,BOS,EC,AT,5
1993,NBA,CHH,NOH,EC,CD,5
1993,NBA,CHI,CHI,EC,CD,2
1993,NBA,CLE,CLE,EC,CD,3
1993,NBA,DAL,DAL,WC,MW,6
1993,NBA,DEN,DEN,WC,MW,4
1993,NBA,DET,DET,EC,CD,6
1993,NBA,GSW,GSW,WC,PC,3
1993,NBA,HOU,HOU,WC,MW,1
1993,NBA,IND,IND,EC,CD,3
1993,NBA,LAC,LAC,WC,PC,7
1993,NBA,LAL,LAL,WC,PC,5
1993,NBA,MIA,MIA,EC,AT,4
1993,NBA,MIL,MIL,EC,CD,6
1993,NBA,MIN,MIN,WC,MW,5
1993,NBA,NJN,NJN,EC,AT,3
1993,NBA,NYK,NYK,EC,AT,1
1993,NBA,ORL,ORL,EC,AT,2
1993,NBA,PHI,PHI,EC,AT,6
1993,NBA,PHO,PHO,WC,PC,2
1993,NBA,POR,POR,WC,PC,4
1993,NBA,SAC,SAC,WC,PC,6
1993,NBA,SAS,SAS,WC,MW,2
1993,NBA,SEA,SEA,WC,PC,1
1993,NBA,UTA,UTA,WC,MW,3
1993,NBA,WSB,WAS,EC,AT,7
1994,NBA,ATL,ATL,EC,CD,5
1994,NBA,BOS,BOS,EC,AT,3
1994,NBA,CHH,NOH,EC,CD,2
1994,NBA,CHI,CHI,EC,CD,3
1994,NBA,CLE,CLE,EC,CD,4
1994,NBA,DAL,DAL,WC,MW,5
1994,NBA,DEN,DEN,WC,MW,4
1994,NBA,DET,DET,EC,CD,7
1994,NBA,GSW,GSW,WC,PC,6
1994,NBA,HOU,HOU,WC,MW,3
1994,NBA,IND,IND,EC,CD,1
1994,NBA,LAC,LAC,WC,PC,7
1994,NBA,LAL,LAL,WC,PC,3
1994,NBA,MIA,MIA,EC,AT,4
1994,NBA,MIL,MIL,EC,CD,6
1994,NBA,MIN,MIN,WC,MW,6
1994,NBA,NJN,NJN,EC,AT,5
1994,NBA,NYK,NYK,EC,AT,2
1994,NBA,ORL,ORL,EC,AT,1
1994,NBA,PHI,PHI,EC,AT,6
1994,NBA,PHO,PHO,WC,PC,1
1994,NBA,POR,POR,WC,PC,4
1994,NBA,SAC,SAC,WC,PC,5
1994,NBA,SAS,SAS,WC,MW,1
1994,NBA,SEA,SEA,WC,PC,2
1994,NBA,UTA,UTA,WC,MW,2
1994,NBA,WSB,WAS,EC,AT,7
1995,NBA,ATL,ATL,EC,CD,4
1995,NBA,BOS,BOS,EC,AT,5
1995,NBA,CHH,NOH,EC,CD,6
1995,NBA,CHI,CHI,EC,CD,1
1995,NBA,CLE,CLE,EC,CD,3
1995,NBA,DAL,DAL,WC,MW,5
1995,NBA,DEN,DEN,WC,MW,4
1995,NBA,DET,DET,EC,CD,4
1995,NBA,GSW,GSW,WC,PC,6
1995,NBA,HOU,HOU,WC,MW,3
1995,NBA,IND,IND,EC,CD,2
1995,NBA,LAC,LAC,WC,PC,7
1995,NBA,LAL,LAL,WC,PC,2
1995,NBA,MIA,MIA,EC,AT,3
1995,NBA,MIL,MIL,EC,CD,7
1995,NBA,MIN,MIN,WC,MW,5
1995,NBA,NJN,NJN,EC,AT,6
1995,NBA,NYK,NYK,EC,AT,2
1995,NBA,ORL,ORL,EC,AT,1
1995,NBA,PHI,PHI,EC,AT,7
1995,NBA,PHO,PHO,WC,PC,4
1995,NBA,POR,POR,WC,PC,3
1995,NBA,SAC,SAC,WC,PC,5
1995,NBA,SAS,SAS,WC,MW,1
1995,NBA,SEA,SEA,WC,PC,1
1995,NBA,TOR,TOR,EC,CD,8
1995,NBA,UTA,UTA,WC,MW,2
1995,NBA,VAN,MEM,WC,MW,7
1995,NBA,WSB,WAS,EC,AT,4
1996,NBA,ATL,ATL,EC,CD,2
1996,NBA,BOS,BOS,EC,AT,7
1996,NBA,CHH,NOH,EC,CD,3
1996,NBA,CHI,CHI,EC,CD,1
1996,NBA,CLE,CLE,EC,CD,5
1996,NBA,DAL,DAL,WC,MW,4
1996,NBA,DEN,DEN,WC,MW,5
1996,NBA,DET,DET,EC,CD,3
1996,NBA,GSW,GSW,WC,PC,7
1996,NBA,HOU,HOU,WC,MW,2
1996,NBA,IND,IND,EC,CD,6
1996,NBA,LAC,LAC,WC,PC,5
1996,NBA,LAL,LAL,WC,PC,2
1996,NBA,MIA,MIA,EC,AT,1
1996,NBA,MIL,MIL,EC,CD,7
1996,NBA,MIN,MIN,WC,MW,3
1996,NBA,NJN,NJN,EC,AT,5
1996,NBA,NYK,NYK,EC,AT,2
1996,NBA,ORL,ORL,EC,AT,3
1996,NBA,PHI,PHI,EC,AT,6
1996,NBA,PHO,PHO,WC,PC,4
1996,NBA,POR,POR,WC,PC,3
1996,NBA,SAC,SAC,WC,PC,6
1996,NBA,SAS,SAS,WC,MW,6
1996,NBA,SEA,SEA,WC,PC,1
1996,NBA,TOR,TOR,EC,CD,8
1996,NBA,UTA,UTA,WC,MW,1
1996,NBA,VAN,MEM,WC,MW,7
1996,NBA,WSB,WAS,EC,AT,4
1997,NBA,ATL,ATL,EC,CD,4
1997,NBA,BOS,BOS,EC,AT,6
1997,NBA,CHH,NOH,EC,CD,3
1997,NBA,CHI,CHI,EC,CD,1
1997,NBA,CLE,CLE,EC,CD,5
1997,NBA,DAL,DAL,WC,MW,5
1997,NBA,DEN,DEN,WC,MW,7
1997,NBA,DET,DET,EC,CD,6
1997,NBA,GSW,GSW,WC,PC,6
1997,NBA,HOU,HOU,WC,MW,4
1997,NBA,IND,IND,EC,CD,2
1997,NBA,LAC,LAC,WC,PC,7
1997,NBA,LAL,LAL,WC,PC,1
1997,NBA,MIA,MIA,EC,AT,1
1997,NBA,MIL,MIL,EC,CD,7
1997,NBA,MIN,MIN,WC,MW,3
1997,NBA,NJN,NJN,EC,AT,2
1997,NBA,NYK,NYK,EC,AT,2
1997,NBA,ORL,ORL,EC,AT,5
1997,NBA,PHI,PHI,EC,AT,7
1997,NBA,PHO,PHO,WC,PC,3
1997,NBA,POR,POR,WC,PC,4
1997,NBA,SAC,SAC,WC,PC,5
1997,NBA,SAS,SAS,WC,MW,2
1997,NBA,SEA,SEA,WC,PC,1
1997,NBA,TOR,TOR,EC,CD,8
1997,NBA,UTA,UTA,WC,MW,1
1997,NBA,VAN,MEM,WC,MW,6
1997,NBA,WAS,WAS,EC,AT,4
1998,NBA,ATL,ATL,EC,CD,2
1998,NBA,BOS,BOS,EC,AT,5
1998,NBA,CHH,NOH,EC,CD,5
1998,NBA,CHI,CHI,EC,CD,8
1998,NBA,CLE,CLE,EC,CD,7
1998,NBA,DAL,DAL,WC,MW,5
1998,NBA,DEN,DEN,WC,MW,6
1998,NBA,DET,DET,EC,CD,3
1998,NBA,GSW,GSW,WC,PC,6
1998,NBA,HOU,HOU,WC,MW,3
1998,NBA,IND,IND,EC,CD,1
1998,NBA,LAC,LAC,WC,PC,7
1998,NBA,LAL,LAL,WC,PC,2
1998,NBA,MIA,MIA,EC,AT,1
1998,NBA,MIL,MIL,EC,CD,4
1998,NBA,MIN,MIN,WC,MW,4
1998,NBA,NJN,NJN,EC,AT,7
1998,NBA,NYK,NYK,EC,AT,4
1998,NBA,ORL,ORL,EC,AT,1
1998,NBA,PHI,PHI,EC,AT,3
1998,NBA,PHO,PHO,WC,PC,3
1998,NBA,POR,POR,WC,PC,1
1998,NBA,SAC,SAC,WC,PC,3
1998,NBA,SAS,SAS,WC,MW,1
1998,NBA,SEA,SEA,WC,PC,5
1998,NBA,TOR,TOR,EC,CD,6
1998,NBA,UTA,UTA,WC,MW,1
1998,NBA,VAN,MEM,WC,MW,7
1998,NBA,WAS,WAS,EC,AT,6
1999,NBA,ATL,ATL,EC,CD,7
1999,NBA,BOS,BOS,EC,AT,5
1999,NBA,CHH,NOH,EC,CD,2
1999,NBA,CHI,CHI,EC,CD,8
1999,NBA,CLE,CLE,EC,CD,6
1999,NBA,DAL,DAL,WC,MW,4
1999,NBA,DEN,DEN,WC,MW,5
1999,NBA,DET,DET,EC,CD,4
1999,NBA,GSW,GSW,WC,PC,6
1999,NBA,HOU,HOU,WC,MW,6
1999,NBA,IND,IND,EC,CD,1
1999,NBA,LAC,LAC,WC,PC,7
1999,NBA,LAL,LAL,WC,PC,1
1999,NBA,MIA,MIA,EC,AT,1
1999,NBA,MIL,MIL,EC,CD,4
1999,NBA,MIN,MIN,WC,MW,3
1999,NBA,NJN,NJN,EC,AT,6
1999,NBA,NYK,NYK,EC,AT,2
1999,NBA,ORL,ORL,EC,AT,4
1999,NBA,PHI,PHI,EC,AT,3
1999,NBA,PHO,PHO,WC,PC,3
1999,NBA,POR,POR,WC,PC,2
1999,NBA,SAC,SAC,WC,PC,5
1999,NBA,SAS,SAS,WC,MW,2
1999,NBA,SEA,SEA,WC,PC,4
1999,NBA,TOR,TOR,EC,CD,3
1999,NBA,UTA,UTA,WC,MW,1
1999,NBA,VAN,MEM,WC,MW,7
1999,NBA,WAS,WAS,EC,AT,7
2000,NBA,ATL,ATL,EC,CD,7
2000,NBA,BOS,BOS,EC,AT,5
2000,NBA,CHH,NOH,EC,CD,3
2000,NBA,CHI,CHI,EC,CD,8
2000,NBA,CLE,CLE,EC,CD,6
2000,NBA,DAL,DAL,WC,MW,2
2000,NBA,DEN,DEN,WC,MW,6
2000,NBA,DET,DET,EC,CD,5
2000,NBA,GSW,GSW,WC,PC,7
2000,NBA,HOU,HOU,WC,MW,5
2000,NBA,IND,IND,EC,CD,4
2000,NBA,LAC,LAC,WC,PC,6
2000,NBA,LAL,LAL,WC,PC,1
2000,NBA,MIA,MIA,EC,AT,2
2000,NBA,MIL,MIL,EC,CD,1
2000,NBA,MIN,MIN,WC,MW,4
2000,NBA,NJN,NJN,EC,AT,6
2000,NBA,NYK,NYK,EC,AT,3
2000,NBA,ORL,ORL,EC,AT,4
2000,NBA,PHI,PHI,EC,AT,1
2000,NBA,PHO,PHO,WC,PC,3
2000,NBA,POR,POR,WC,PC,4
2000,NBA,SAC,SAC,WC,PC,2
2000,NBA,SAS,SAS,WC,MW,1
2000,NBA,SEA,SEA,WC,PC,5
2000,NBA,TOR,TOR,EC,CD,2
2000,NBA,UTA,UTA,WC,MW,2
2000,NBA,VAN,MEM,WC,MW,7
2000,NBA,WAS,WAS,EC,AT,7
2001,NBA,ATL,ATL,EC,CD,6
2001,NBA,BOS,BOS,EC,AT,2
2001,NBA,CHH,NOH,EC,CD,2
2001,NBA,CHI,CHI,EC,CD,8
2001,NBA,CLE,CLE,EC,CD,7
2001,NBA,DAL,DAL,WC,MW,2
2001,NBA,DEN,DEN,WC,MW,6
2001,NBA,DET,DET,EC,CD,1
2001,NBA,GSW,GSW,WC,PC,7
2001,NBA,HOU,HOU,WC,MW,5
2001,NBA,IND,IND,EC,CD,3
2001,NBA,LAC,LAC,WC,PC,5
2001,NBA,LAL,LAL,WC,PC,2
2001,NBA,MEM,MEM,WC,MW,7
2001,NBA,MIA,MIA,EC,AT,6
2001,NBA,MIL,MIL,EC,CD,5
2001,NBA,MIN,MIN,WC,MW,3
2001,NBA,NJN,NJN,EC,AT,1
2001,NBA,NYK,NYK,EC,AT,7
2001,NBA,ORL,ORL,EC,AT,3
2001,NBA,PHI,PHI,EC,AT,4
2001,NBA,PHO,PHO,WC,PC,6
2001,NBA,POR,POR,WC,PC,3
2001,NBA,SAC,SAC,WC,PC,1
2001,NBA,SAS,SAS,WC,MW,1
2001,NBA,SEA,SEA,WC,PC,4
2001,NBA,TOR,TOR,EC,CD,3
2001,NBA,UTA,UTA,WC,MW,4
2001,NBA,WAS,WAS,EC,AT,5
2002,NBA,ATL,ATL,EC,CD,5
2002,NBA,BOS,BOS,EC,AT,3
2002,NBA,CHI,CHI,EC,CD,6
2002,NBA,CLE,CLE,EC,CD,8
2002,NBA,DAL,DAL,WC,MW,1
2002,NBA,DEN,DEN,WC,MW,7
2002,NBA,DET,DET,EC,CD,1
2002,NBA,GSW,GSW,WC,PC,6
2002,NBA,HOU,HOU,WC,MW,5
2002,NBA,IND,IND,EC,CD,2
2002,NBA,LAC,LAC,WC,PC,7
2002,NBA,LAL,LAL,WC,PC,2
2002,NBA,MEM,MEM,WC,MW,6
2002,NBA,MIA,MIA,EC,AT,7
2002,NBA,MIL,MIL,EC,CD,4
2002,NBA,MIN,MIN,WC,MW,3
2002,NBA,NJN,NJN,EC,AT,1
2002,NBA,NOH,NOH,EC,CD,3
2002,NBA,NYK,NYK,EC,AT,5
2002,NBA,ORL,ORL,EC,AT,4
2002,NBA,PHI,PHI,EC,AT,2
2002,NBA,PHO,PHO,WC,PC,4
2002,NBA,POR,POR,WC,PC,2
2002,NBA,SAC,SAC,WC,PC,1
2002,NBA,SAS,SAS,WC,MW,1
2002,NBA,SEA,SEA,WC,PC,5
2002,NBA,TOR,TOR,EC,CD,7
2002,NBA,UTA,UTA,WC,MW,4
2002,NBA,WAS,WAS,EC,AT,5
2003,NBA,ATL,ATL,EC,CD,7
2003,NBA,BOS,BOS,EC,AT,4
2003,NBA,CHI,CHI,EC,CD,8
2003,NBA,CLE,CLE,EC,CD,5
2003,NBA,DAL,DAL,WC,MW,3
2003,NBA,DEN,DEN,WC,MW,6
2003,NBA,DET,DET,EC,CD,2
2003,NBA,GSW,GSW,WC,PC,4
2003,NBA,HOU,HOU,WC,MW,5
2003,NBA,IND,IND,EC,CD,1
2003,NBA,LAC,LAC,WC,PC,7
2003,NBA,LAL,LAL,WC,PC,1
2003,NBA,MEM,MEM,WC,MW,4
2003,NBA,MIA,MIA,EC,AT,2
2003,NBA,MIL,MIL,EC,CD,3
2003,NBA,MIN,MIN,WC,MW,1
2003,NBA,NJN,NJN,EC,AT,1
2003,NBA,NOH,NOH,EC,CD,3
2003,NBA,NYK,NYK,EC,AT,3
2003,NBA,ORL,ORL,EC,AT,7
2003,NBA,PHI,PHI,EC,AT,5
2003,NBA,PHO,PHO,WC,PC,6
2003,NBA,POR,POR,WC,PC,3
2003,NBA,SAC,SAC,WC,PC,2
2003,NBA,SAS,SAS,WC,MW,2
2003,NBA,SEA,SEA,WC,PC,4
2003,NBA,TOR,TOR,EC,CD,6
2003,NBA,UTA,UTA,WC,MW,7
2003,NBA,WAS,WAS,EC,AT,6
2004,NBA,ATL,ATL,EC,SE,5
2004,NBA,BOS,BOS,EC,AT,1
2004,NBA,CHA,CHA,EC,SE,4
2004,NBA,CHI,CHI,EC,CD,2
2004,NBA,CLE,CLE,EC,CD,4
2004,NBA,DAL,DAL,WC,SW,2
2004,NBA,DEN,DEN,WC,NW,2
2004,NBA,DET,DET,EC,CD,1
2004,NBA,GSW,GSW,WC,PC,4
2004,NBA,HOU,HOU,WC,SW,3
2004,NBA,IND,IND,EC,CD,3
2004,NBA,LAC,LAC,WC,PC,3
2004,NBA,LAL,LAL,WC,PC,4
2004,NBA,MEM,MEM,WC,SW,4
2004,NBA,MIA,MIA,EC,SE,1
2004,NBA,MIL,MIL,EC,CD,5
2004,NBA,MIN,MIN,WC,NW,3
2004,NBA,NJN,NJN,EC,AT,3
2004,NBA,NOH,NOH,WC,SW,5
2004,NBA,NYK,NYK,EC,AT,4
2004,NBA,ORL,ORL,EC,SE,3
2004,NBA,PHI,PHI,EC,AT,2
2004,NBA,PHO,PHO,WC,PC,1
2004,NBA,POR,POR,WC,NW,4
2004,NBA,SAC,SAC,WC,PC,2
2004,NBA,SAS,SAS,WC,SW,1
2004,NBA,SEA,SEA,WC,NW,1
2004,NBA,TOR,TOR,EC,AT,4
2004,NBA,UTA,UTA,WC,NW,5
2004,NBA,WAS,WAS,EC,SE,2
2005,NBA,ATL,ATL,EC,SE,4
2005,NBA,BOS,BOS,EC,AT,3
2005,NBA,CHA,CHA,EC,SE,4
2005,NBA,CHI,CHI,EC,CD,3
2005,NBA,CLE,CLE,EC,CD,2
2005,NBA,DAL,DAL,WC,SW,2
2005,NBA,DEN,DEN,WC,NW,1
2005,NBA,DET,DET,EC,CD,1
2005,NBA,GSW,GSW,WC,PC,5
2005,NBA,HOU,HOU,WC,SW,5
2005,NBA,IND,IND,EC,CD,3
2005,NBA,LAC,LAC,WC,PC,2
2005,NBA,LAL,LAL,WC,PC,3
2005,NBA,MEM,MEM,WC,SW,3
2005,NBA,MIA,MIA,EC,SE,1
2005,NBA,MIL,MIL,EC,CD,5
2005,NBA,MIN,MIN,WC,NW,4
2005,NBA,NJN,NJN,EC,AT,1
2005,NBA,NOK,NOH,WC,SW,4
2005,NBA,NYK,NYK,EC,AT,5
2005,NBA,ORL,ORL,EC,SE,3
2005,NBA,PHI,PHI,EC,AT,2
2005,NBA,PHO,PHO,WC,PC,1
2005,NBA,POR,POR,WC,NW,5
2005,NBA,SAC,SAC,WC,PC,4
2005,NBA,SAS,SAS,WC,SW,1
2005,NBA,SEA,SEA,WC,NW,3
2005,NBA,TOR,TOR,EC,AT,4
2005,NBA,UTA,UTA,WC,NW,2
2005,NBA,WAS,WAS,EC,SE,2
2006,NBA,ATL,ATL,EC,SE,5
2006,NBA,BOS,BOS,EC,AT,5
2006,NBA,CHA,CHA,EC,SE,4
2006,NBA,CHI,CHI,EC,CD,3
2006,NBA,CLE,CLE,EC,CD,2
2006,NBA,DAL,DAL,WC,SW,1
2006,NBA,DEN,DEN,WC,NW,2
2006,NBA,DET,DET,EC,CD,1
2006,NBA,GSW,GSW,WC,PC,2
2006,NBA,HOU,HOU,WC,SW,3
2006,NBA,IND,IND,EC,CD,4
2006,NBA,LAC,LAC,WC,PC,4
2006,NBA,LAL,LAL,WC,PC,2
2006,NBA,MEM,MEM,WC,SW,5
2006,NBA,MIA,MIA,EC,SE,1
2006,NBA,MIL,MIL,EC,CD,5
2006,NBA,MIN,MIN,WC,NW,3
2006,NBA,NJN,NJN,EC,AT,2
2006,NBA,NOK,NOH,WC,SW,4
2006,NBA,NYK,NYK,EC,AT,4
2006,NBA,ORL,ORL,EC,SE,3
2006,NBA,PHI,PHI,EC,AT,3
2006,NBA,PHO,PHO,WC,PC,1
2006,NBA,POR,POR,WC,NW,3
2006,NBA,SAC,SAC,WC,PC,5
2006,NBA,SAS,SAS,WC,SW,2
2006,NBA,SEA,SEA,WC,NW,5
2006,NBA,TOR,TOR,EC,AT,1
2006,NBA,UTA,UTA,WC,NW,1
2006,NBA,WAS,WAS,EC,SE,2
2007,NBA,ATL,ATL,EC,SE,3
2007,NBA,BOS,BOS,EC,AT,1
2007,NBA,CHA,CHA,EC,SE,4
2007,NBA,CHI,CHI,EC,CD,4
2007,NBA,CLE,CLE,EC,CD,2
2007,NBA,DAL,DAL,WC,SW,4
2007,NBA,DEN,DEN,WC,NW,2
2007,NBA,DET,DET,EC,CD,1
2007,NBA,GSW,GSW,WC,PC,3
2007,NBA,HOU,HOU,WC,SW,3
2007,NBA,IND,IND,EC,CD,3
2007,NBA,LAC,LAC,WC,PC,5
2007,NBA,LAL,LAL,WC,PC,1
2007,NBA,MEM,MEM,WC,SW,5
2007,NBA,MIA,MIA,EC,SE,5
2007,NBA,MIL,MIL,EC,CD,5
2007,NBA,MIN,MIN,WC,NW,4
2007,NBA,NJN,NJN,EC,AT,4
2007,NBA,NOH,NOH,WC,SW,1
2007,NBA,NYK,NYK,EC,AT,5
2007,NBA,ORL,ORL,EC,SE,1
2007,NBA,PHI,PHI,EC,AT,3
2007,NBA,PHO,PHO,WC,PC,2
2007,NBA,POR,POR,WC,NW,3
2007,NBA,SAC,SAC,WC,PC,4
2007,NBA,SAS,SAS,WC,SW,2
2007,NBA,SEA,SEA,WC,NW,5
2007,NBA,TOR,TOR,EC,AT,2
2007,NBA,UTA,UTA,WC,NW,1
2007,NBA,WAS,WAS,EC,SE,2
2008,NBA,ATL,ATL,EC,SE,2
2008,NBA,BOS,BOS,EC,AT,1
2008,NBA,CHA,CHA,EC,SE,4
2008,NBA,CHI,CHI,EC,CD,2
2008,NBA,CLE,CLE,EC,CD,1
2008,NBA,DAL,DAL,WC,SW,3
2008,NBA,DEN,DEN,WC,NW,1
2008,NBA,DET,DET,EC,CD,3
2008,NBA,GSW,GSW,WC,PC,3
2008,NBA,HOU,HOU,WC,SW,2
2008,NBA,IND,IND,EC,CD,4
2008,NBA,LAC,LAC,WC,PC,4
2008,NBA,LAL,LAL,WC,PC,1
2008,NBA,MEM,MEM,WC,SW,5
2008,NBA,MIA,MIA,EC,SE,3
2008,NBA,MIL,MIL,EC,CD,5
2008,NBA,MIN,MIN,WC,NW,4
2008,NBA,NJN,NJN,EC,AT,3
2008,NBA,NOH,NOH,WC,SW,4
2008,NBA,NYK,NYK,EC,AT,5
2008,NBA,OKC,SEA,WC,NW,5
2008,NBA,ORL,ORL,EC,SE,1
2008,NBA,PHI,PHI,EC,AT,2
2008,NBA,PHO,PHO,WC,PC,2
2008,NBA,POR,POR,WC,NW,2
2008,NBA,SAC,SAC,WC,PC,5
2008,NBA,SAS,SAS,WC,SW,1
2008,NBA,TOR,TOR,EC,AT,4
2008,NBA,UTA,UTA,WC,NW,3
2008,NBA,WAS,WAS,EC,SE,5
2009,NBA,ATL,ATL,EC,SE,2
2009,NBA,BOS,BOS,EC,AT,1
2009,NBA,CHA,CHA,EC,SE,4
2009,NBA,CHI,CHI,EC,CD,3
2009,NBA,CLE,CLE,EC,CD,1
2009,NBA,DAL,DAL,WC,SW,1
2009,NBA,DEN,DEN,WC,NW,1
2009,NBA,DET,DET,EC,CD,5
2009,NBA,GSW,GSW,WC,PC,4
2009,NBA,HOU,HOU,WC,SW,3
2009,NBA,IND,IND,EC,CD,4
2009,NBA,LAC,LAC,WC,PC,3
2009,NBA,LAL,LAL,WC,PC,1
2009,NBA,MEM,MEM,WC,SW,4
2009,NBA,MIA,MIA,EC,SE,3
2009,NBA,MIL,MIL,EC,CD,2
2009,NBA,MIN,MIN,WC,NW,5
2009,NBA,NJN,NJN,EC,AT,5
2009,NBA,NOH,NOH,WC,SW,5
2009,NBA,NYK,NYK,EC,AT,3
2009,NBA,OKC,SEA,WC,NW,4
2009,NBA,ORL,ORL,EC,SE,1
2009,NBA,PHI,PHI,EC,AT,4
2009,NBA,PHO,PHO,WC,PC,2
2009,NBA,POR,POR,WC,NW,3
2009,NBA,SAC,SAC,WC,PC,5
2009,NBA,SAS,SAS,WC,SW,2
2009,NBA,TOR,TOR,EC,AT,2
2009,NBA,UTA,UTA,WC,NW,2
2009,NBA,WAS,WAS,EC,SE,5
2010,NBA,ATL,ATL,EC,SE,3
2010,NBA,BOS,BOS,EC,AT,1
2010,NBA,CHA,CHA,EC,SE,4
2010,NBA,CHI,CHI,EC,CD,1
2010,NBA,CLE,CLE,EC,CD,5
2010,NBA,DAL,DAL,WC,SW,2
2010,NBA,DEN,DEN,WC,NW,2
2010,NBA,DET,DET,EC,CD,4
2010,NBA,GSW,GSW,WC,PC,3
2010,NBA,HOU,HOU,WC,SW,5
2010,NBA,IND,IND,EC,CD,2
2010,NBA,LAC,LAC,WC,PC,4
2010,NBA,LAL,LAL,WC,PC,1
2010,NBA,MEM,MEM,WC,SW,4
2010,NBA,MIA,MIA,EC,SE,1
2010,NBA,MIL,MIL,EC,CD,3
2010,NBA,MIN,MIN,WC,NW,5
2010,NBA,NJN,NJN,EC,AT,4
2010,NBA,NOH,NOH,WC,SW,3
2010,NBA,NYK,NYK,EC,AT,2
2010,NBA,OKC,SEA,WC,NW,1
2010,NBA,ORL,ORL,EC,SE,2
2010,NBA,PHI,PHI,EC,AT,3
2010,NBA,PHO,PHO,WC,PC,2
2010,NBA,POR,POR,WC,NW,3
2010,NBA,SAC,SAC,WC,PC,5
2010,NBA,SAS,SAS,WC,SW,1
2010,NBA,TOR,TOR,EC,AT,5
2010,NBA,UTA,UTA,WC,NW,4
2010,NBA,WAS,WAS,EC,SE,5
2011,NBA,ATL,ATL,EC,SE,2
2011,NBA,BOS,BOS,EC,AT,1
2011,NBA,CHA,CHA,EC,SE,5
2011,NBA,CHI,CHI,EC,CD,1
2011,NBA,CLE,CLE,EC,CD,5
2011,NBA,DAL,DAL,WC,SW,3
2011,NBA,DEN,DEN,WC,NW,2
2011,NBA,DET,DET,EC,CD,4
2011,NBA,GSW,GSW,WC,PC,4
2011,NBA,HOU,HOU,WC,SW,4
2011,NBA,IND,IND,EC,CD,2
2011,NBA,LAC,LAC,WC,PC,2
2011,NBA,LAL,LAL,WC,PC,1
2011,NBA,MEM,MEM,WC,SW,2
2011,NBA,MIA,MIA,EC,SE,1
2011,NBA,MIL,MIL,EC,CD,3
2011,NBA,MIN,MIN,WC,NW,5
2011,NBA,NJN,NJN,EC,AT,5
2011,NBA,NOH,NOH,WC,SW,5
2011,NBA,NYK,NYK,EC,AT,2
2011,NBA,OKC,SEA,WC,NW,1
2011,NBA,ORL,ORL,EC,SE,3
2011,NBA,PHI,PHI,EC,AT,3
2011,NBA,PHO,PHO,WC,PC,3
2011,NBA,POR,POR,WC,NW,4
2011,NBA,SAC,SAC,WC,PC,5
2011,NBA,SAS,SAS,WC,SW,1
2011,NBA,TOR,TOR,EC,AT,4
2011,NBA,UTA,UTA,WC,NW,3
2011,NBA,WAS,WAS,EC,SE,4
1962,ABL1,CHM,CHM,,,6
1962,ABL1,KCS,KCS,,,1
1962,ABL1,LBC,LBC,,,2
1962,ABL1,OAO,OAO,,,4
1962,ABL1,PGR,PGR,,,3
1962,ABL1,PHT,PHT,,,5
1961,ABL1,CHM,CHM,,EA,3
1961,ABL1,CLP,CLP,,EA,1
1961,ABL1,HAW,LBC,,WE,3
1961,ABL1,KCS,KCS,,WE,1
1961,ABL1,LAJ,LAJ,,WE,4
1961,ABL1,PGR,PGR,,EA,2
1961,ABL1,SFS,OAO,,WE,2
1961,ABL1,WNY,PHT,,EA,4
1950,NPBL,AND,AND,,EA,2
1950,NPBL,DNN,DNN,,WE,2
1950,NPBL,EVA,EVA,,EA,5
1950,NPBL,GRH,GRH,,EA,4
1950,NPBL,KCH,KCH,,WE,4
1950,NPBL,LOA,LOA,,EA,3
1950,NPBL,SHE,SHE,,EA,1
1950,NPBL,SPL,SPL,,WE,3
1950,NPBL,WAT,WAT,,WE,1
1948,NBL,AND,AND,,EA,1
1948,NBL,DAY,DAY,,EA,4
1948,NBL,DNN,DNN,,WE,5
1948,NBL,DTK,DTK,,EA,5
1948,NBL,HCB,HCB,,EA,3
1948,NBL,OSH,OSH,,WE,1
1948,NBL,SHE,SHE,,WE,3
1948,NBL,SYR,PHI,,EA,2
1948,NBL,TRI,ATL,,WE,2
1948,NBL,WAT,WAT,,WE,4
1947,NBL,AND,AND,,EA,2
1947,NBL,FNT,FNT,,EA,6
1947,NBL,FTW,DET,,EA,3
1947,NBL,INK,INJ,,WE,4
1947,NBL,MNL,LAL,,WE,1
1947,NBL,OSH,OSH,,WE,3
1947,NBL,ROC,SAC,,EA,1
1947,NBL,SHE,SHE,,WE,5
1947,NBL,SYR,PHI,,EA,4
1947,NBL,TOL,TOL,,EA,5
1947,NBL,TRI,ATL,,WE,2
1947,PBLA,ATC,ATC,,SO,1
1947,PBLA,BIR,BIR,,SO,3
1947,PBLA,CHG,CHG,,NO,1
1947,PBLA,CHT,CHT,,SO,4
1947,PBLA,GRR,GRR,,NO,3
1947,PBLA,HMV,HMV,,SO,7
1947,PBLA,KCB,KCB,,NO,6
1947,PBLA,LOU,LOU,,NO,4
1947,PBLA,NOL,NOL,,SO,5
1947,PBLA,OKD,OKD,,SO,6
1947,PBLA,OMA,OMA,,NO,5
1947,PBLA,SPR,SPR,,SO,8
1947,PBLA,STJ,STJ,,NO,8
1947,PBLA,STP,STP,,NO,2
1947,PBLA,TUL,TUL,,SO,2
1947,PBLA,WAT,WAT,,NO,7
1946,NBL,AND,AND,,WE,5
1946,NBL,CHG,CHG,,WE,3
1946,NBL,DTG,LAL,,WE,6
1946,NBL,FTW,DET,,EA,2
1946,NBL,INK,INJ,,WE,2
1946,NBL,OSH,OSH,,WE,1
1946,NBL,ROC,SAC,,EA,1
1946,NBL,SHE,SHE,,WE,4
1946,NBL,SYR,PHI,,EA,4
1946,NBL,TOL,TOL,,EA,3
1946,NBL,TRI,ATL,,EA,5
1946,NBL,YOU,YOU,,EA,6
1945,NBL,CAT,CAT,,EA,4
1945,NBL,CHG,CHG,,WE,3
1945,NBL,FTW,DET,,EA,1
1945,NBL,INK,INJ,,WE,4
1945,NBL,OSH,OSH,,WE,2
1945,NBL,ROC,SAC,,EA,2
1945,NBL,SHE,SHE,,WE,1
1945,NBL,YOU,YOU,,EA,3
1944,NBL,CAT,CAT,,EA,2
1944,NBL,CHG,CHG,,WE,2
1944,NBL,FTW,DET,,EA,1
1944,NBL,OSH,OSH,,WE,3
1944,NBL,PTR,PTR,,EA,3
1944,NBL,SHE,SHE,,WE,1
1943,NBL,CCB,CAT,,,4
1943,NBL,FTW,DET,,,1
1943,NBL,OSH,OSH,,,3
1943,NBL,SHE,SHE,,,2
1942,NBL,CHF,CHF,,,4
1942,NBL,FTW,DET,,,1
1942,NBL,OSH,OSH,,,3
1942,NBL,SHE,SHE,,,2
1942,NBL,TCH,TCH,,,5
1941,NBL,AGW,AGW,,,3
1941,NBL,CHB,CHF,,,6
1941,NBL,FTW,DET,,,2
1941,NBL,INK,INJ,,,4
1941,NBL,OSH,OSH,,,1
1941,NBL,SHE,SHE,,,5
1941,NBL,TCH,TCH,,,7
1940,NBL,AFS,AFS,,,3
1940,NBL,AGW,AGW,,,6
1940,NBL,CHB,CHF,,,5
1940,NBL,DTE,DTE,,,4
1940,NBL,HAM,HAM,,,7
1940,NBL,OSH,OSH,,,1
1940,NBL,SHE,SHE,,,2
1939,NBL,AFS,AFS,,EA,1
1939,NBL,AGW,AGW,,EA,3
1939,NBL,CHB,CHF,,WE,3
1939,NBL,DTE,DTE,,EA,2
1939,NBL,HAM,HAM,,WE,4
1939,NBL,INK,INJ,,EA,4
1939,NBL,OSH,OSH,,WE,1
1939,NBL,SHE,SHE,,WE,2
1938,NBL,AFS,AFS,,EA,1
1938,NBL,AGW,AGW,,EA,2
1938,NBL,CWH,CWH,,EA,3
1938,NBL,HAM,HAM,,WE,4
1938,NBL,INK,INJ,,WE,2
1938,NBL,OSH,OSH,,WE,1
1938,NBL,PGP,PGP,,EA,4
1938,NBL,SHE,SHE,,WE,3
1937,NBL,AFS,AFS,,EA,1
1937,NBL,AGW,AGW,,EA,2
1937,NBL,BFB,BFB,,EA,4
1937,NBL,CNC,CNC,,WE,5
1937,NBL,COL,COL,,EA,6
1937,NBL,DYM,DYM,,WE,7
1937,NBL,FWE,FWE,,WE,3
1937,NBL,INK,INJ,,WE,4
1937,NBL,KNK,KNK,,WE,6
1937,NBL,OSH,OSH,,WE,1
1937,NBL,PGP,PGP,,EA,3
1937,NBL,WAR,CWH,,EA,5
1937,NBL,WHT,HAM,,WE,2
